<?xml version="1.0" encoding="UTF-8"?>
<root>
  <item name="com.lf.tempcore.tempRecyclerView.TempMaterialProgressDrawable void updateSizes(int) 0">
    <annotation name="android.support.annotation.IntDef">
      <val name="value" val="{com.lf.tempcore.tempRecyclerView.TempMaterialProgressDrawable.LARGE, com.lf.tempcore.tempRecyclerView.TempMaterialProgressDrawable.DEFAULT}" />
    </annotation>
  </item>
  <item name="com.lf.tempcore.tempRecyclerView.TempMaterialProgressDrawable.ProgressDrawableSize">
    <annotation name="android.support.annotation.IntDef">
      <val name="value" val="{com.lf.tempcore.tempRecyclerView.TempMaterialProgressDrawable.LARGE, com.lf.tempcore.tempRecyclerView.TempMaterialProgressDrawable.DEFAULT}" />
    </annotation>
  </item>
</root>

